 state,County,Year,Days with AQI,Good Days,Moderate Days,Unhealthy for Sensitive Groups Days,Unhealthy Days,Very Unhealthy Days,Hazardous Days,Max AQI,90th Percentile AQI,Median AQI,Days CO,Days NO2,Days Ozone,Days SO2,Days PM2.5,Days PM10
Alabama,Autauga,1980,179,122,35,18,4,0,0,177,108,40,0,0,122,57,0,0
Alabama,Colbert,1980,274,127,45,63,39,0,0,200,165,56,0,0,0,274,0,0
Alabama,Jackson,1980,366,85,110,92,79,0,0,200,200,94,0,0,0,366,0,0
Alabama,Jefferson,1980,343,171,109,37,19,7,0,221,140,51,207,0,136,0,0,0
Alabama,Lauderdale,1980,274,120,58,77,19,0,0,200,139,56,0,0,0,274,0,0
Alabama,Madison,1980,344,154,125,60,5,0,0,185,112,56,28,168,148,0,0,0
Alabama,Mobile,1980,286,180,62,35,8,1,0,204,119,41,0,0,68,218,0,0
Alabama,Monroe,1980,90,63,14,7,6,0,0,200,122,40,0,0,90,0,0,0
Alabama,Morgan,1980,332,207,93,32,0,0,0,148,100,39,0,121,28,183,0,0
Alabama,Tuscaloosa,1980,132,94,28,10,0,0,0,147,93,38,0,0,132,0,0,0
Alabama,Autauga,1981,357,289,49,15,4,0,0,195,77,32,0,0,241,116,0,0
Alabama,Colbert,1981,358,235,42,46,35,0,0,200,149,29,0,0,0,358,0,0
Alabama,Etowah,1981,188,114,32,26,13,3,0,226,143,44,0,0,188,0,0,0
Alabama,Jackson,1981,365,53,71,147,94,0,0,200,200,116,0,0,0,365,0,0
Alabama,Jefferson,1981,365,132,137,56,31,9,0,239,156,67,72,0,267,26,0,0
Alabama,Lauderdale,1981,353,222,46,65,20,0,0,200,130,29,0,0,0,353,0,0
Alabama,Madison,1981,352,251,80,21,0,0,0,150,90,39,0,0,352,0,0,0
Alabama,Mobile,1981,365,129,105,106,23,2,0,203,143,75,0,0,212,153,0,0
Alabama,Monroe,1981,253,228,23,2,0,0,0,112,50,37,0,0,253,0,0,0
Alabama,Morgan,1981,301,219,74,8,0,0,0,122,74,38,0,88,170,43,0,0
Alabama,Tuscaloosa,1981,228,169,47,12,0,0,0,140,84,42,0,0,228,0,0,0
Alabama,Autauga,1982,245,203,36,5,0,1,0,206,67,31,0,0,166,79,0,0
Alabama,Colbert,1982,355,221,43,57,34,0,0,200,148,27,0,0,0,355,0,0
Alabama,Etowah,1982,197,108,53,32,4,0,0,192,115,48,0,0,197,0,0,0
Alabama,Jackson,1982,360,269,60,27,4,0,0,200,94,30,0,0,0,360,0,0
Alabama,Jefferson,1982,365,171,123,50,17,4,0,228,129,53,80,0,255,30,0,0
Alabama,Lauderdale,1982,354,217,53,64,20,0,0,200,132,26,0,0,0,354,0,0
Alabama,Madison,1982,315,231,64,17,3,0,0,185,90,36,0,0,315,0,0,0
Alabama,Mobile,1982,360,197,115,41,7,0,0,169,105,47,0,0,231,129,0,0
Alabama,Monroe,1982,154,146,8,0,0,0,0,90,44,28,0,0,154,0,0,0
Alabama,Morgan,1982,286,207,63,13,3,0,0,161,84,41,0,26,260,0,0,0
Alabama,Tuscaloosa,1982,190,125,49,15,1,0,0,151,100,44,0,0,190,0,0,0
Alabama,Colbert,1983,342,229,43,54,16,0,0,200,129,21,0,0,0,342,0,0
Alabama,Cullman,1983,211,124,53,26,8,0,0,185,122,45,0,0,211,0,0,0
Alabama,Etowah,1983,210,124,49,26,11,0,0,200,129,45,0,0,210,0,0,0
Alabama,Jackson,1983,315,170,86,47,12,0,0,200,110,47,0,0,0,315,0,0
Alabama,Jefferson,1983,365,151,144,53,10,7,0,243,125,58,134,0,176,55,0,0
Alabama,Lauderdale,1983,337,258,44,27,8,0,0,200,103,20,0,0,0,337,0,0
Alabama,Madison,1983,165,119,31,11,3,1,0,208,100,43,0,0,165,0,0,0
Alabama,Mobile,1983,365,193,113,50,8,1,0,206,107,48,0,0,261,104,0,0
Alabama,Morgan,1983,178,170,7,1,0,0,0,130,42,21,0,0,86,92,0,0
Alabama,Colbert,1984,348,262,24,43,19,0,0,200,127,13,0,0,0,348,0,0
Alabama,Cullman,1984,260,175,47,32,6,0,0,190,115,44,0,0,260,0,0,0
Alabama,Etowah,1984,259,146,70,31,11,1,0,204,122,47,0,0,259,0,0,0
Alabama,Jackson,1984,362,248,66,37,11,0,0,200,106,31,0,0,0,362,0,0
Alabama,Jefferson,1984,366,221,123,19,3,0,0,174,89,44,174,0,192,0,0,0
Alabama,Lauderdale,1984,330,261,32,30,7,0,0,200,106,13,0,0,0,330,0,0
Alabama,Mobile,1984,321,175,82,56,8,0,0,177,120,48,0,0,206,115,0,0
Alabama,Morgan,1984,253,230,20,3,0,0,0,121,50,14,0,0,0,253,0,0
Alabama,Colbert,1985,269,197,26,36,10,0,0,194,123,19,0,0,0,269,0,0
Alabama,Cullman,1985,214,144,59,11,0,0,0,150,87,44,0,0,214,0,0,0
Alabama,Etowah,1985,282,176,81,23,2,0,0,154,97,45,0,0,257,0,0,25
Alabama,Jackson,1985,333,231,77,25,0,0,0,139,91,34,0,0,0,333,0,0
Alabama,Jefferson,1985,365,193,134,30,7,1,0,202,101,49,100,0,165,28,0,72
Alabama,Lauderdale,1985,262,206,30,26,0,0,0,137,100,14,0,0,0,262,0,0
Alabama,Mobile,1985,302,193,75,31,3,0,0,198,101,44,0,0,204,75,0,23
Alabama,Morgan,1985,346,333,13,0,0,0,0,79,40,19,0,0,0,346,0,0
Alabama,Colbert,1986,355,220,45,68,22,0,0,200,141,23,0,0,0,355,0,0
Alabama,Cullman,1986,204,98,59,35,11,1,0,207,136,54,0,0,204,0,0,0
Alabama,Etowah,1986,275,164,70,27,14,0,0,185,122,46,0,0,248,0,0,27
Alabama,Jackson,1986,337,210,93,29,5,0,0,200,102,39,0,0,0,337,0,0
Alabama,Jefferson,1986,365,179,138,41,6,1,0,224,112,51,78,0,145,27,0,115
Alabama,Lauderdale,1986,328,248,54,23,3,0,0,190,94,21,0,0,0,328,0,0
Alabama,Mobile,1986,287,134,81,63,9,0,0,185,122,54,0,0,117,146,0,24
Alabama,Montgomery,1986,251,155,50,33,13,0,0,197,126,44,0,0,242,0,0,9
Alabama,Morgan,1986,307,276,29,2,0,0,0,107,54,19,0,0,0,307,0,0
Alabama,Shelby,1986,281,156,63,39,19,4,0,209,133,47,0,0,267,0,0,14
Alabama,Colbert,1987,257,161,32,39,25,0,0,200,148,26,0,0,0,257,0,0
Alabama,Cullman,1987,125,73,31,16,5,0,0,177,115,47,0,0,125,0,0,0
Alabama,Etowah,1987,59,40,19,0,0,0,0,70,57,39,0,0,0,0,0,59
Alabama,Jackson,1987,254,157,64,24,9,0,0,200,110,40,0,0,0,254,0,0
Alabama,Jefferson,1987,365,161,162,38,4,0,0,182,105,53,85,0,156,20,0,104
Alabama,Lauderdale,1987,256,208,30,16,2,0,0,176,87,11,0,0,0,256,0,0
Alabama,Madison,1987,237,149,60,22,6,0,0,172,108,45,0,0,237,0,0,0
Alabama,Mobile,1987,314,157,76,67,14,0,0,200,130,51,0,0,163,125,0,26
Alabama,Montgomery,1987,259,123,67,43,21,5,0,223,151,51,0,0,243,0,0,16
Alabama,Morgan,1987,75,66,9,0,0,0,0,97,60,29,0,0,0,75,0,0
Alabama,Shelby,1987,282,164,60,38,17,3,0,214,133,47,0,0,258,0,0,24
Alabama,Colbert,1988,342,251,32,48,11,0,0,200,118,19,0,0,0,342,0,0
Alabama,Etowah,1988,58,48,10,0,0,0,0,63,56,33,0,0,0,0,0,58
Alabama,Jackson,1988,298,203,76,17,2,0,0,200,90,29,0,0,0,298,0,0
Alabama,Jefferson,1988,366,183,124,34,19,6,0,223,129,51,108,0,199,0,0,59
Alabama,Lauderdale,1988,341,265,47,24,5,0,0,177,92,13,0,0,0,341,0,0
Alabama,Madison,1988,365,242,67,34,20,2,0,205,122,40,99,0,237,0,0,29
Alabama,Mobile,1988,361,166,114,71,10,0,0,200,121,54,0,0,144,202,0,15
Alabama,Montgomery,1988,268,157,60,39,12,0,0,187,129,46,0,0,248,0,0,20
Alabama,Shelby,1988,272,146,61,41,19,5,0,209,144,47,0,0,242,3,0,27
Alabama,Autauga,1989,63,54,9,0,0,0,0,100,64,34,0,0,63,0,0,0
Alabama,Colbert,1989,359,263,53,33,10,0,0,200,107,13,0,0,0,359,0,0
Alabama,Etowah,1989,57,54,3,0,0,0,0,54,46,28,0,0,0,0,0,57
Alabama,Houston,1989,39,39,0,0,0,0,0,50,39,24,0,0,0,0,0,39
Alabama,Jackson,1989,362,268,74,19,1,0,0,193,79,27,0,0,0,362,0,0
Alabama,Jefferson,1989,365,210,129,22,4,0,0,177,93,46,85,0,170,0,0,110
Alabama,Lauderdale,1989,348,262,49,31,6,0,0,200,102,14,0,0,0,348,0,0
Alabama,Madison,1989,365,276,83,6,0,0,0,112,67,38,57,0,240,0,0,68
Alabama,Marengo,1989,45,44,1,0,0,0,0,52,37,22,0,0,0,0,0,45
Alabama,Mobile,1989,359,210,88,54,7,0,0,189,112,44,0,0,155,179,0,25
Alabama,Montgomery,1989,270,227,42,1,0,0,0,112,61,36,0,0,251,0,0,19
Alabama,Morgan,1989,22,20,2,0,0,0,0,56,35,21,0,0,0,0,0,22
Alabama,Russell,1989,43,43,0,0,0,0,0,45,35,24,0,0,0,0,0,43
Alabama,Shelby,1989,257,205,40,12,0,0,0,136,80,37,0,0,236,0,0,21
Alabama,Tuscaloosa,1989,42,40,2,0,0,0,0,53,44,26,0,0,0,0,0,42
Alabama,Autauga,1990,266,183,64,18,1,0,0,151,93,43,0,0,266,0,0,0
Alabama,Calhoun,1990,55,52,3,0,0,0,0,60,43,23,0,0,0,0,0,55
Alabama,Colbert,1990,359,272,41,43,3,0,0,192,106,16,0,0,0,324,0,35
Alabama,DeKalb,1990,360,204,89,55,11,1,0,201,119,47,0,0,357,0,0,3
Alabama,Elmore,1990,251,167,65,19,0,0,0,150,97,45,0,0,251,0,0,0
Alabama,Escambia,1990,59,54,5,0,0,0,0,57,45,26,0,0,0,0,0,59
Alabama,Etowah,1990,57,52,5,0,0,0,0,59,49,29,0,0,0,0,0,57
Alabama,Franklin,1990,50,47,3,0,0,0,0,64,43,20,0,0,0,0,0,50
Alabama,Houston,1990,55,48,7,0,0,0,0,64,55,24,0,0,0,0,0,55
Alabama,Jackson,1990,355,231,86,34,4,0,0,191,101,36,0,0,0,339,0,16
Alabama,Jefferson,1990,365,173,126,39,25,2,0,203,133,51,56,0,189,58,0,62
Alabama,Lauderdale,1990,351,297,38,15,1,0,0,161,76,13,0,0,0,351,0,0
Alabama,Madison,1990,362,282,67,13,0,0,0,136,80,37,58,0,221,0,0,83
Alabama,Marengo,1990,59,55,4,0,0,0,0,67,47,20,0,0,0,0,0,59
Alabama,Mobile,1990,337,179,70,71,17,0,0,200,128,48,0,0,170,153,0,14
Alabama,Montgomery,1990,247,184,58,4,1,0,0,151,77,43,0,0,217,0,0,30
Alabama,Morgan,1990,57,54,3,0,0,0,0,54,39,21,0,0,0,0,0,57
Alabama,Pike,1990,60,57,3,0,0,0,0,57,39,20,0,0,0,0,0,60
Alabama,Russell,1990,56,53,3,0,0,0,0,57,43,25,0,0,0,0,0,56
Alabama,Shelby,1990,279,188,66,20,4,1,0,201,97,42,0,0,256,0,0,23
Alabama,Talladega,1990,60,49,11,0,0,0,0,70,55,33,0,0,0,0,0,60
Alabama,Tuscaloosa,1990,56,49,7,0,0,0,0,66,54,27,0,0,0,0,0,56
Alabama,Walker,1990,59,52,7,0,0,0,0,57,52,23,0,0,0,0,0,59
Alabama,Calhoun,1991,57,52,5,0,0,0,0,64,43,24,0,0,0,0,0,57
Alabama,Clay,1991,210,209,1,0,0,0,0,58,34,22,0,0,210,0,0,0
Alabama,Colbert,1991,359,305,30,23,1,0,0,158,77,14,0,0,0,328,0,31
Alabama,DeKalb,1991,342,249,82,10,1,0,0,151,80,41,0,0,336,0,0,6
Alabama,Elmore,1991,254,203,49,2,0,0,0,140,61,40,0,0,254,0,0,0
Alabama,Escambia,1991,56,53,3,0,0,0,0,53,40,22,0,0,0,0,0,56
Alabama,Etowah,1991,58,50,8,0,0,0,0,71,54,31,0,0,0,0,0,58
Alabama,Franklin,1991,47,44,3,0,0,0,0,55,44,22,0,0,0,0,0,47
Alabama,Houston,1991,57,53,4,0,0,0,0,57,41,23,0,0,0,0,0,57
Alabama,Jackson,1991,361,257,84,20,0,0,0,140,85,30,0,0,0,338,0,23
Alabama,Jefferson,1991,365,201,137,22,5,0,0,166,95,47,39,0,166,84,0,76
Alabama,Lauderdale,1991,346,289,40,16,1,0,0,160,69,11,0,0,0,346,0,0
Alabama,Madison,1991,365,245,91,27,2,0,0,154,90,43,4,121,219,0,0,21
Alabama,Marengo,1991,55,55,0,0,0,0,0,50,41,22,0,0,0,0,0,55
Alabama,Mobile,1991,365,192,69,87,17,0,0,187,128,49,0,0,116,226,0,23
Alabama,Montgomery,1991,274,241,31,2,0,0,0,101,54,34,0,0,252,0,0,22
Alabama,Morgan,1991,60,54,6,0,0,0,0,57,51,23,0,0,0,0,0,60
Alabama,Pike,1991,58,57,1,0,0,0,0,56,38,21,0,0,0,0,0,58
Alabama,Russell,1991,56,53,3,0,0,0,0,61,37,23,0,0,0,0,0,56
Alabama,Shelby,1991,270,211,46,11,2,0,0,161,77,38,0,0,254,0,0,16
Alabama,Sumter,1991,45,42,3,0,0,0,0,77,48,30,0,0,45,0,0,0
Alabama,Talladega,1991,59,51,8,0,0,0,0,70,55,27,0,0,0,0,0,59
Alabama,Tuscaloosa,1991,60,55,5,0,0,0,0,79,46,22,0,0,0,0,0,60
Alabama,Walker,1991,55,51,4,0,0,0,0,66,47,23,0,0,0,0,0,55
Alabama,Calhoun,1992,60,60,0,0,0,0,0,43,35,22,0,0,0,0,0,60
Alabama,Clay,1992,226,215,11,0,0,0,0,74,45,25,0,0,226,0,0,0
Alabama,Colbert,1992,365,324,29,12,0,0,0,129,51,13,0,0,0,328,0,37
Alabama,DeKalb,1992,349,263,71,13,2,0,0,169,77,38,0,0,343,0,0,6
Alabama,Elmore,1992,272,211,49,11,1,0,0,159,77,41,0,0,272,0,0,0
Alabama,Escambia,1992,59,58,1,0,0,0,0,55,44,24,0,0,0,0,0,59
Alabama,Etowah,1992,61,57,4,0,0,0,0,63,48,26,0,0,0,0,0,61
Alabama,Franklin,1992,60,60,0,0,0,0,0,44,33,19,0,0,0,0,0,60
Alabama,Houston,1992,57,55,2,0,0,0,0,58,40,20,0,0,0,0,0,57
Alabama,Jackson,1992,364,275,72,14,3,0,0,200,75,24,0,0,0,333,0,31
Alabama,Jefferson,1992,366,199,136,23,8,0,0,195,97,47,63,0,163,85,0,55
Alabama,Lauderdale,1992,243,218,20,5,0,0,0,139,51,10,0,0,0,243,0,0
Alabama,Lawrence,1992,188,129,56,3,0,0,0,118,71,37,0,0,118,0,70,0
Alabama,Madison,1992,365,274,72,15,4,0,0,185,80,38,13,141,205,0,0,6
Alabama,Marengo,1992,51,51,0,0,0,0,0,43,33,21,0,0,0,0,0,51
Alabama,Mobile,1992,366,170,85,99,12,0,0,180,131,55,0,0,135,213,0,18
Alabama,Montgomery,1992,61,60,1,0,0,0,0,55,37,21,0,0,0,0,0,61
Alabama,Morgan,1992,61,61,0,0,0,0,0,46,38,21,0,0,0,0,0,61
Alabama,Pike,1992,55,54,1,0,0,0,0,70,31,19,0,0,0,0,0,55
Alabama,Russell,1992,58,57,1,0,0,0,0,51,40,23,0,0,0,0,0,58
Alabama,Shelby,1992,270,201,46,16,7,0,0,197,97,41,0,3,246,0,0,21
Alabama,Sumter,1992,206,166,34,6,0,0,0,140,67,39,0,0,206,0,0,0
Alabama,Talladega,1992,60,55,5,0,0,0,0,76,45,27,0,0,0,0,0,60
Alabama,Tuscaloosa,1992,51,51,0,0,0,0,0,42,35,21,0,0,0,0,0,51
Alabama,Walker,1992,52,52,0,0,0,0,0,44,35,22,0,0,0,0,0,52
Alabama,Calhoun,1993,52,50,2,0,0,0,0,68,35,23,0,0,0,0,0,52
Alabama,Clay,1993,306,220,69,16,1,0,0,164,84,44,0,0,306,0,0,0
Alabama,Colbert,1993,358,297,48,10,3,0,0,176,70,14,0,0,0,320,0,38
Alabama,DeKalb,1993,357,244,86,22,5,0,0,177,90,44,0,0,353,0,0,4
Alabama,Elmore,1993,282,190,75,14,3,0,0,156,93,44,0,0,282,0,0,0
Alabama,Escambia,1993,54,51,3,0,0,0,0,79,41,23,0,0,0,0,0,54
Alabama,Etowah,1993,60,51,9,0,0,0,0,67,55,31,0,0,0,0,0,60
Alabama,Franklin,1993,59,57,2,0,0,0,0,53,37,19,0,0,0,0,0,59
Alabama,Houston,1993,57,55,2,0,0,0,0,55,48,21,0,0,0,0,0,57
Alabama,Jackson,1993,364,297,46,18,3,0,0,200,71,19,0,0,0,335,0,29
Alabama,Jefferson,1993,365,176,129,54,5,1,0,205,102,53,34,0,178,106,0,47
Alabama,Lawrence,1993,315,203,101,10,1,0,0,161,80,43,0,0,250,0,65,0
Alabama,Madison,1993,365,242,86,32,4,1,0,215,101,44,8,97,237,12,0,11
Alabama,Marengo,1993,59,57,2,0,0,0,0,51,35,22,0,0,0,0,0,59
Alabama,Mobile,1993,365,169,97,77,22,0,0,200,136,55,0,0,140,203,0,22
Alabama,Montgomery,1993,233,189,31,9,4,0,0,174,74,31,0,0,190,0,0,43
Alabama,Morgan,1993,286,182,77,24,3,0,0,192,100,44,0,0,231,37,0,18
Alabama,Pike,1993,60,57,3,0,0,0,0,59,38,19,0,0,0,0,0,60
Alabama,Russell,1993,59,58,1,0,0,0,0,60,34,23,0,0,0,0,0,59
Alabama,Shelby,1993,314,232,57,17,6,2,0,209,93,40,0,41,255,0,0,18
Alabama,Sumter,1993,293,255,38,0,0,0,0,100,58,37,0,0,293,0,0,0
Alabama,Talladega,1993,59,56,3,0,0,0,0,61,47,25,0,0,0,0,0,59
Alabama,Tuscaloosa,1993,54,52,2,0,0,0,0,57,40,23,0,0,0,0,0,54
Alabama,Walker,1993,56,52,4,0,0,0,0,58,42,23,0,0,0,0,0,56
Alabama,Calhoun,1994,56,56,0,0,0,0,0,43,37,19,0,0,0,0,0,56
Alabama,Clay,1994,353,276,64,11,2,0,0,197,74,38,0,0,353,0,0,0
Alabama,Colbert,1994,336,224,87,23,2,0,0,185,97,41,0,0,245,82,0,9
Alabama,DeKalb,1994,347,266,70,11,0,0,0,143,77,38,0,0,341,0,0,6
Alabama,Elmore,1994,317,262,44,10,1,0,0,159,74,35,0,0,317,0,0,0
Alabama,Escambia,1994,60,59,1,0,0,0,0,58,40,23,0,0,0,0,0,60
Alabama,Etowah,1994,61,59,2,0,0,0,0,60,44,29,0,0,0,0,0,61
Alabama,Franklin,1994,57,56,1,0,0,0,0,54,33,19,0,0,0,0,0,57
Alabama,Geneva,1994,285,262,21,2,0,0,0,108,48,31,0,0,285,0,0,0
Alabama,Houston,1994,56,53,3,0,0,0,0,72,44,22,0,0,0,0,0,56
Alabama,Jackson,1994,365,319,33,11,2,0,0,160,61,16,0,0,0,337,0,28
Alabama,Jefferson,1994,365,203,118,41,3,0,0,166,101,48,46,0,176,85,0,58
Alabama,Lawrence,1994,345,245,89,10,1,0,0,154,77,41,0,0,297,0,48,0
Alabama,Madison,1994,365,272,77,14,2,0,0,195,90,38,20,0,277,25,0,43
Alabama,Marengo,1994,60,60,0,0,0,0,0,43,37,22,0,0,0,0,0,60
Alabama,Mobile,1994,365,164,74,106,21,0,0,194,135,60,0,0,145,202,0,18
Alabama,Montgomery,1994,363,316,39,7,1,0,0,164,58,32,0,0,320,0,0,43
Alabama,Morgan,1994,103,88,9,6,0,0,0,120,80,28,0,0,35,23,0,45
Alabama,Pike,1994,56,56,0,0,0,0,0,45,39,25,0,0,0,0,0,56
Alabama,Russell,1994,61,61,0,0,0,0,0,48,41,23,0,0,0,0,0,61
Alabama,Shelby,1994,346,266,60,15,5,0,0,185,87,37,0,75,264,0,0,7
Alabama,Sumter,1994,315,283,30,2,0,0,0,136,51,31,0,0,315,0,0,0
Alabama,Talladega,1994,59,57,2,0,0,0,0,57,41,27,0,0,0,0,0,59
Alabama,Tuscaloosa,1994,58,58,0,0,0,0,0,49,38,23,0,0,0,0,0,58
Alabama,Walker,1994,57,57,0,0,0,0,0,43,35,21,0,0,0,0,0,57
Alabama,Calhoun,1995,59,56,3,0,0,0,0,57,37,19,0,0,0,0,0,59
Alabama,Clay,1995,327,223,72,24,8,0,0,197,100,42,0,0,327,0,0,0
Alabama,Colbert,1995,322,261,50,11,0,0,0,133,71,26,0,0,108,184,0,30
Alabama,DeKalb,1995,285,152,98,28,7,0,0,190,105,48,0,0,271,0,0,14
Alabama,Elmore,1995,295,247,38,5,5,0,0,169,71,33,0,0,295,0,0,0
Alabama,Escambia,1995,61,60,1,0,0,0,0,55,39,24,0,0,0,0,0,61
Alabama,Etowah,1995,60,58,2,0,0,0,0,59,43,30,0,0,0,0,0,60
Alabama,Franklin,1995,60,59,1,0,0,0,0,52,35,20,0,0,0,0,0,60
Alabama,Geneva,1995,318,271,46,1,0,0,0,129,61,35,0,0,318,0,0,0
Alabama,Houston,1995,54,51,3,0,0,0,0,52,43,24,0,0,0,0,0,54
Alabama,Jackson,1995,355,310,31,12,2,0,0,193,56,16,0,0,0,320,0,35
Alabama,Jefferson,1995,365,199,107,31,23,5,0,222,140,49,56,0,201,50,0,58
Alabama,Lawrence,1995,333,222,88,22,1,0,0,190,90,43,0,0,290,0,43,0
Alabama,Madison,1995,365,239,89,34,3,0,0,169,101,41,14,0,335,0,0,16
Alabama,Marengo,1995,40,40,0,0,0,0,0,47,31,20,0,0,0,0,0,40
Alabama,Mobile,1995,352,177,68,103,4,0,0,170,130,50,0,0,192,153,0,7
Alabama,Montgomery,1995,363,298,52,13,0,0,0,140,74,33,0,48,253,13,0,49
Alabama,Morgan,1995,59,58,1,0,0,0,0,56,37,22,0,0,0,0,0,59
Alabama,Pike,1995,56,55,1,0,0,0,0,54,34,20,0,0,0,0,0,56
Alabama,Russell,1995,60,59,1,0,0,0,0,54,43,26,0,0,0,0,0,60
Alabama,Shelby,1995,337,240,46,34,13,4,0,205,122,41,0,51,280,0,0,6
Alabama,Sumter,1995,280,230,45,5,0,0,0,119,67,37,0,0,280,0,0,0
Alabama,Talladega,1995,61,57,4,0,0,0,0,63,48,28,0,0,0,0,0,61
Alabama,Tuscaloosa,1995,61,58,3,0,0,0,0,57,44,24,0,0,0,0,0,61
Alabama,Walker,1995,56,55,1,0,0,0,0,58,37,23,0,0,0,0,0,56
Alabama,Calhoun,1996,53,53,0,0,0,0,0,37,25,17,0,0,0,0,0,53
Alabama,Clay,1996,242,157,66,17,2,0,0,161,93,45,0,0,242,0,0,0
Alabama,Colbert,1996,366,325,29,12,0,0,0,123,54,10,0,0,0,329,0,37
Alabama,DeKalb,1996,225,147,56,16,6,0,0,182,100,41,0,0,207,0,0,18
Alabama,Elmore,1996,236,164,62,9,1,0,0,174,84,44,0,0,236,0,0,0
Alabama,Escambia,1996,60,60,0,0,0,0,0,46,35,21,0,0,0,0,0,60
Alabama,Etowah,1996,59,58,1,0,0,0,0,52,37,22,0,0,0,0,0,59
Alabama,Franklin,1996,60,60,0,0,0,0,0,46,29,17,0,0,0,0,0,60
Alabama,Geneva,1996,238,199,39,0,0,0,0,90,58,39,0,0,238,0,0,0
Alabama,Houston,1996,51,50,1,0,0,0,0,56,33,17,0,0,0,0,0,51
Alabama,Jackson,1996,350,317,28,5,0,0,0,119,47,13,0,0,0,323,0,27
Alabama,Jefferson,1996,366,229,102,20,11,4,0,217,100,46,56,0,192,47,0,71
Alabama,Lawrence,1996,271,167,88,12,4,0,0,169,87,45,0,0,211,0,60,0
Alabama,Limestone,1996,35,35,0,0,0,0,0,47,31,17,0,0,0,0,0,35
Alabama,Madison,1996,366,226,107,29,4,0,0,169,97,44,10,0,335,0,0,21
Alabama,Marengo,1996,60,59,1,0,0,0,0,51,32,19,0,0,0,0,0,60
Alabama,Mobile,1996,344,187,77,66,14,0,0,183,131,47,0,0,135,174,0,35
Alabama,Montgomery,1996,366,336,27,3,0,0,0,140,48,31,5,33,205,8,0,115
Alabama,Morgan,1996,250,155,72,16,7,0,0,200,100,46,0,0,227,2,0,21
Alabama,Pike,1996,60,60,0,0,0,0,0,48,32,18,0,0,0,0,0,60
Alabama,Russell,1996,57,56,1,0,0,0,0,55,31,19,0,0,0,0,0,57
Alabama,Shelby,1996,262,173,63,18,8,0,0,197,100,44,0,4,241,0,0,17
Alabama,Sumter,1996,230,201,27,2,0,0,0,108,58,36,0,0,230,0,0,0
Alabama,Talladega,1996,59,58,1,0,0,0,0,53,40,24,0,0,0,0,0,59
Alabama,Tuscaloosa,1996,54,51,3,0,0,0,0,57,38,24,0,0,0,0,0,54
Alabama,Walker,1996,53,52,1,0,0,0,0,66,31,19,0,0,0,0,0,53
Alabama,Calhoun,1997,57,57,0,0,0,0,0,47,39,19,0,0,0,0,0,57
Alabama,Clay,1997,214,124,70,20,0,0,0,150,100,48,0,0,214,0,0,0
Alabama,Colbert,1997,364,325,25,14,0,0,0,144,52,11,0,0,0,328,0,36
Alabama,DeKalb,1997,307,231,58,17,1,0,0,179,80,37,0,0,296,0,0,11
Alabama,Elmore,1997,183,122,58,3,0,0,0,115,87,45,0,0,183,0,0,0
Alabama,Escambia,1997,61,60,1,0,0,0,0,51,41,22,0,0,0,0,0,61
Alabama,Etowah,1997,56,54,2,0,0,0,0,55,47,24,0,0,0,0,0,56
Alabama,Franklin,1997,61,61,0,0,0,0,0,45,31,17,0,0,0,0,0,61
Alabama,Geneva,1997,213,143,66,4,0,0,0,126,77,44,0,0,213,0,0,0
Alabama,Houston,1997,57,56,1,0,0,0,0,52,42,22,0,0,0,0,0,57
Alabama,Jackson,1997,355,317,31,5,2,0,0,200,52,11,0,0,0,350,0,5
Alabama,Jefferson,1997,365,206,121,30,7,1,0,202,101,47,89,0,142,46,0,88
Alabama,Lawrence,1997,279,183,69,27,0,0,0,136,100,43,0,0,187,50,42,0
Alabama,Limestone,1997,56,56,0,0,0,0,0,37,31,15,0,0,0,0,0,56
Alabama,Madison,1997,365,277,69,15,4,0,0,156,90,38,10,0,325,0,0,30
Alabama,Marengo,1997,57,56,1,0,0,0,0,52,34,20,0,0,0,0,0,57
Alabama,Mobile,1997,365,181,96,82,6,0,0,167,120,51,0,0,118,182,0,65
Alabama,Montgomery,1997,361,303,56,2,0,0,0,112,64,29,4,3,203,15,0,136
Alabama,Morgan,1997,59,58,1,0,0,0,0,51,38,18,0,0,0,0,0,59
Alabama,Pike,1997,58,58,0,0,0,0,0,47,32,21,0,0,0,0,0,58
Alabama,Russell,1997,58,56,2,0,0,0,0,57,36,23,0,0,0,0,0,58
Alabama,Shelby,1997,239,152,54,30,3,0,0,192,115,44,0,3,210,0,0,26
Alabama,Sumter,1997,212,191,21,0,0,0,0,84,50,35,0,0,212,0,0,0
Alabama,Talladega,1997,61,58,3,0,0,0,0,58,41,23,0,0,0,0,0,61
Alabama,Tuscaloosa,1997,60,58,2,0,0,0,0,58,41,21,0,0,0,0,0,60
Alabama,Walker,1997,56,56,0,0,0,0,0,43,31,18,0,0,0,0,0,56
Alabama,Calhoun,1998,44,43,1,0,0,0,0,51,38,23,0,0,0,0,0,44
Alabama,Clay,1998,213,99,83,21,10,0,0,185,115,54,0,0,213,0,0,0
Alabama,Colbert,1998,351,331,17,3,0,0,0,121,39,10,0,0,0,315,0,36
Alabama,DeKalb,1998,363,215,84,45,17,2,0,205,129,46,0,0,357,0,0,6
Alabama,Elmore,1998,211,129,62,14,5,1,0,203,100,47,0,0,211,0,0,0
Alabama,Escambia,1998,61,58,3,0,0,0,0,58,42,25,0,0,0,0,0,61
Alabama,Etowah,1998,60,55,5,0,0,0,0,56,50,29,0,0,0,0,0,60
Alabama,Franklin,1998,48,48,0,0,0,0,0,42,37,20,0,0,0,0,0,48
Alabama,Geneva,1998,181,129,45,7,0,0,0,133,80,42,0,0,181,0,0,0
Alabama,Houston,1998,51,49,2,0,0,0,0,54,38,26,0,0,0,0,0,51
Alabama,Jackson,1998,347,300,34,12,1,0,0,182,65,14,0,0,0,347,0,0
Alabama,Jefferson,1998,365,199,109,35,17,5,0,212,122,48,66,0,141,57,0,101
Alabama,Lawrence,1998,360,222,105,30,3,0,0,177,100,42,0,0,171,121,68,0
Alabama,Limestone,1998,51,51,0,0,0,0,0,43,35,19,0,0,0,0,0,51
Alabama,Madison,1998,365,257,64,34,10,0,0,200,112,41,14,0,325,0,0,26
Alabama,Marengo,1998,55,55,0,0,0,0,0,47,37,25,0,0,0,0,0,55
Alabama,Mobile,1998,364,178,81,85,19,1,0,201,136,51,0,0,132,181,0,51
Alabama,Montgomery,1998,359,242,87,19,10,1,0,216,93,36,0,0,208,13,0,138
Alabama,Morgan,1998,42,42,0,0,0,0,0,49,38,22,0,0,0,0,0,42
Alabama,Pike,1998,59,58,1,0,0,0,0,53,35,24,0,0,0,0,0,59
Alabama,Russell,1998,58,56,2,0,0,0,0,51,42,29,0,0,0,0,0,58
Alabama,Shelby,1998,235,135,61,24,11,4,0,213,126,46,0,9,201,0,0,25
Alabama,Sumter,1998,194,168,24,2,0,0,0,122,61,37,0,0,194,0,0,0
Alabama,Talladega,1998,58,57,1,0,0,0,0,51,44,31,0,0,0,0,0,58
Alabama,Tuscaloosa,1998,60,60,0,0,0,0,0,49,41,25,0,0,0,0,0,60
Alabama,Walker,1998,46,46,0,0,0,0,0,50,37,19,0,0,0,0,0,46
Alabama,Clay,1999,273,117,97,49,10,0,0,182,122,58,0,0,211,0,62,0
Alabama,Colbert,1999,359,276,71,11,1,0,0,166,73,11,0,0,0,284,75,0
Alabama,DeKalb,1999,332,134,119,60,19,0,0,195,133,59,0,0,270,0,62,0
Alabama,Elmore,1999,241,157,71,12,1,0,0,151,87,45,0,0,241,0,0,0
Alabama,Escambia,1999,58,57,1,0,0,0,0,52,35,20,0,0,0,0,0,58
Alabama,Etowah,1999,59,56,3,0,0,0,0,56,46,27,0,0,0,0,0,59
Alabama,Houston,1999,74,18,53,3,0,0,0,144,92,64,0,0,0,0,70,4
Alabama,Jackson,1999,354,279,52,21,2,0,0,154,85,14,0,0,0,354,0,0
Alabama,Jefferson,1999,365,19,235,71,34,6,0,273,152,82,37,0,67,16,221,24
Alabama,Lawrence,1999,365,215,102,41,7,0,0,182,108,44,0,0,212,103,50,0
Alabama,Madison,1999,364,201,115,33,15,0,0,182,105,48,7,0,277,0,68,12
Alabama,Marengo,1999,54,52,2,0,0,0,0,51,41,26,0,0,0,0,0,54
Alabama,Mobile,1999,365,128,129,97,11,0,0,179,129,65,0,0,120,172,71,2
Alabama,Montgomery,1999,307,147,133,22,5,0,0,200,97,51,0,0,175,0,92,40
Alabama,Morgan,1999,102,30,65,5,2,0,0,155,96,64,0,0,0,0,92,10
Alabama,Pike,1999,57,57,0,0,0,0,0,42,31,19,0,0,0,0,0,57
Alabama,Russell,1999,104,22,74,7,1,0,0,153,98,64,0,0,0,0,98,6
Alabama,Shelby,1999,271,103,108,37,20,3,0,212,133,59,0,0,205,0,56,10
Alabama,Sumter,1999,259,152,96,11,0,0,0,143,78,46,0,0,172,0,87,0
Alabama,Talladega,1999,114,37,61,16,0,0,0,137,105,60,0,0,0,0,102,12
Alabama,Tuscaloosa,1999,115,26,82,7,0,0,0,125,93,61,0,0,0,0,106,9
Alabama,Walker,1999,103,37,59,7,0,0,0,116,84,60,0,0,0,0,88,15
Alabama,Baldwin,2000,257,111,96,39,10,1,0,205,129,54,0,0,215,0,42,0
Alabama,Clay,2000,271,155,101,14,1,0,0,177,90,46,0,0,188,0,83,0
Alabama,Colbert,2000,358,273,78,7,0,0,0,124,67,16,0,0,0,260,98,0
Alabama,DeKalb,2000,354,169,123,58,4,0,0,159,115,51,0,0,297,0,56,1
Alabama,Elmore,2000,242,125,78,37,2,0,0,166,112,50,0,0,242,0,0,0
Alabama,Escambia,2000,119,36,80,3,0,0,0,123,83,57,0,0,0,0,114,5
Alabama,Etowah,2000,101,34,60,7,0,0,0,141,87,59,0,0,0,0,83,18
Alabama,Houston,2000,102,45,56,1,0,0,0,120,79,54,0,0,0,0,94,8
Alabama,Jackson,2000,356,286,41,24,5,0,0,200,81,14,0,0,0,356,0,0
Alabama,Jefferson,2000,366,22,222,92,26,4,0,208,143,83,27,0,70,41,214,14
Alabama,Lawrence,2000,319,183,106,29,1,0,0,172,97,46,0,0,209,47,63,0
Alabama,Madison,2000,366,199,131,30,6,0,0,187,100,48,7,0,264,0,82,13
Alabama,Marengo,2000,57,57,0,0,0,0,0,49,31,21,0,0,0,0,0,57
Alabama,Mobile,2000,326,149,122,46,9,0,0,187,119,54,0,0,206,42,68,10
Alabama,Montgomery,2000,281,117,116,43,5,0,0,195,115,54,0,0,196,0,84,1
Alabama,Morgan,2000,222,80,94,41,7,0,0,187,121,63,0,0,154,0,54,14
Alabama,Pike,2000,59,59,0,0,0,0,0,46,37,22,0,0,0,0,0,59
Alabama,Russell,2000,118,34,77,7,0,0,0,144,92,61,0,0,0,0,107,11
Alabama,Shelby,2000,284,126,105,38,13,2,0,214,122,57,0,19,183,0,79,3
Alabama,Sumter,2000,273,170,83,20,0,0,0,147,93,44,0,0,186,0,87,0
Alabama,Talladega,2000,113,36,72,5,0,0,0,136,91,59,0,0,0,0,103,10
Alabama,Tuscaloosa,2000,107,42,61,4,0,0,0,126,84,56,0,0,0,0,105,2
Alabama,Walker,2000,69,25,42,2,0,0,0,112,84,56,0,0,0,0,64,5
Alabama,Baldwin,2001,283,190,79,12,2,0,0,159,84,43,0,0,216,0,67,0
Alabama,Clay,2001,279,158,106,14,1,0,0,164,87,46,0,0,207,0,72,0
Alabama,Colbert,2001,360,288,66,6,0,0,0,116,67,11,0,0,0,274,86,0
Alabama,DeKalb,2001,365,209,125,28,3,0,0,164,97,46,0,0,300,0,65,0
Alabama,Elmore,2001,241,165,63,12,1,0,0,154,80,43,0,0,241,0,0,0
Alabama,Escambia,2001,115,63,52,0,0,0,0,83,67,46,0,0,0,0,110,5
Alabama,Etowah,2001,110,48,62,0,0,0,0,99,84,53,0,0,0,0,94,16
Alabama,Houston,2001,114,55,59,0,0,0,0,91,76,52,0,0,0,0,108,6
Alabama,Jackson,2001,360,319,34,7,0,0,0,150,55,13,0,0,0,360,0,0
Alabama,Jefferson,2001,365,40,223,73,22,7,0,265,143,78,67,0,49,3,243,3
Alabama,Lawrence,2001,274,188,79,7,0,0,0,119,75,44,0,0,201,0,73,0
Alabama,Madison,2001,364,229,119,16,0,0,0,136,87,44,0,0,279,0,71,14
Alabama,Marengo,2001,60,60,0,0,0,0,0,49,36,19,0,0,0,0,0,60
Alabama,Mobile,2001,326,223,87,15,1,0,0,159,84,43,0,0,190,40,81,15
Alabama,Montgomery,2001,285,164,111,10,0,0,0,150,80,45,0,0,188,0,93,4
Alabama,Morgan,2001,271,159,95,16,1,0,0,169,93,46,0,0,203,0,61,7
Alabama,Pike,2001,60,59,1,0,0,0,0,53,31,19,0,0,0,0,0,60
Alabama,Russell,2001,110,43,66,1,0,0,0,125,85,57,0,0,0,0,105,5
Alabama,Shelby,2001,285,157,98,23,7,0,0,197,101,47,0,6,194,0,83,2
Alabama,Sumter,2001,274,190,78,5,1,0,0,164,73,43,0,0,187,0,87,0
Alabama,Talladega,2001,115,50,65,0,0,0,0,97,75,54,0,0,0,0,107,8
Alabama,Tuscaloosa,2001,242,176,56,9,1,0,0,192,77,41,0,0,226,0,15,1
Alabama,Baldwin,2002,278,207,67,4,0,0,0,105,68,38,0,0,197,0,81,0
Alabama,Clay,2002,277,170,87,17,3,0,0,166,93,45,0,0,184,0,93,0
Alabama,Colbert,2002,364,271,76,14,3,0,0,166,84,37,0,19,178,100,67,0
Alabama,DeKalb,2002,360,232,101,24,3,0,0,164,93,44,0,0,288,0,71,1
Alabama,Elmore,2002,241,176,54,9,2,0,0,164,90,42,0,0,241,0,0,0
Alabama,Escambia,2002,119,65,54,0,0,0,0,89,64,48,0,0,0,0,116,3
Alabama,Etowah,2002,242,130,91,21,0,0,0,147,97,49,0,0,152,0,87,3
Alabama,Houston,2002,111,59,52,0,0,0,0,83,70,49,0,0,0,0,104,7
Alabama,Jackson,2002,358,323,24,9,2,0,0,200,50,9,0,0,0,358,0,0
Alabama,Jefferson,2002,365,46,259,49,10,1,0,207,115,68,14,0,68,5,237,41
Alabama,Lawrence,2002,273,191,69,13,0,0,0,150,84,41,0,0,199,0,74,0
Alabama,Madison,2002,365,252,87,24,2,0,0,166,84,40,0,0,267,0,82,16
Alabama,Marengo,2002,58,57,1,0,0,0,0,53,32,17,0,0,0,0,0,58
Alabama,Mobile,2002,365,247,102,16,0,0,0,150,77,40,30,0,195,50,74,16
Alabama,Montgomery,2002,316,201,104,9,2,0,0,154,80,43,0,0,183,0,97,36
Alabama,Morgan,2002,271,159,81,27,4,0,0,174,105,46,0,0,180,0,90,1
Alabama,Pike,2002,55,54,1,0,0,0,0,52,29,17,0,0,0,0,0,55
Alabama,Russell,2002,105,44,60,1,0,0,0,117,77,55,0,0,0,0,98,7
Alabama,Shelby,2002,282,159,91,24,7,1,0,205,105,48,0,0,201,0,81,0
Alabama,Sumter,2002,285,215,62,7,1,0,0,179,67,38,0,0,193,0,92,0
Alabama,Talladega,2002,117,54,62,1,0,0,0,141,71,52,0,0,0,0,112,5
Alabama,Tuscaloosa,2002,252,195,43,12,2,0,0,166,74,40,0,0,240,0,12,0
Alabama,Walker,2002,262,187,54,18,3,0,0,166,90,41,0,0,235,0,27,0
Alabama,Baldwin,2003,278,189,77,11,1,0,0,174,77,41,0,0,189,0,89,0
Alabama,Barbour,2003,15,9,6,0,0,0,0,84,67,38,0,0,0,0,15,0
Alabama,Clay,2003,274,173,91,9,1,0,0,159,77,44,0,0,186,0,88,0
Alabama,Colbert,2003,365,253,103,8,1,0,0,151,79,41,0,5,195,86,79,0
Alabama,DeKalb,2003,361,239,109,11,2,0,0,164,80,44,0,0,280,0,81,0
Alabama,Elmore,2003,240,181,54,5,0,0,0,143,74,42,0,0,240,0,0,0
Alabama,Escambia,2003,121,65,56,0,0,0,0,91,68,47,0,0,0,0,120,1
Alabama,Etowah,2003,284,166,108,10,0,0,0,143,80,47,0,0,194,0,89,1
Alabama,Houston,2003,94,49,44,1,0,0,0,144,69,48,0,0,0,0,88,6
Alabama,Jackson,2003,365,330,24,8,3,0,0,199,47,7,0,0,0,365,0,0
Alabama,Jefferson,2003,365,32,276,52,5,0,0,178,109,71,0,0,45,27,223,70
Alabama,Lawrence,2003,273,185,80,7,1,0,0,169,77,44,0,0,206,0,67,0
Alabama,Limestone,2003,275,178,77,19,1,0,0,159,90,44,0,6,268,1,0,0
Alabama,Madison,2003,365,235,116,14,0,0,0,143,84,44,0,0,276,0,79,10
Alabama,Marengo,2003,36,36,0,0,0,0,0,36,30,19,0,0,0,0,0,36
Alabama,Mobile,2003,365,242,105,16,2,0,0,182,80,40,13,0,184,38,90,40
Alabama,Montgomery,2003,284,190,90,4,0,0,0,119,71,45,0,0,175,0,109,0
Alabama,Morgan,2003,284,157,106,20,1,0,0,161,93,48,0,0,201,0,83,0
Alabama,Pike,2003,48,47,1,0,0,0,0,76,33,19,0,0,0,0,0,48
Alabama,Russell,2003,280,188,90,2,0,0,0,115,70,43,0,0,181,0,98,1
Alabama,Shelby,2003,282,166,93,22,1,0,0,156,97,47,0,0,206,0,76,0
Alabama,Sumter,2003,281,211,70,0,0,0,0,99,62,39,0,0,175,0,106,0
Alabama,Talladega,2003,114,42,71,1,0,0,0,116,74,55,0,0,0,0,106,8
Alabama,Tuscaloosa,2003,279,204,73,2,0,0,0,119,64,41,0,0,196,0,83,0
Alabama,Walker,2003,104,45,57,2,0,0,0,106,71,52,0,0,0,0,104,0
Alabama,Baldwin,2004,271,182,74,15,0,0,0,143,83,43,0,0,199,0,72,0
Alabama,Barbour,2004,49,28,20,1,0,0,0,106,71,45,0,0,0,0,49,0
Alabama,Clay,2004,283,192,87,4,0,0,0,129,77,44,0,0,190,0,93,0
Alabama,Colbert,2004,366,295,70,1,0,0,0,102,61,38,0,0,183,101,82,0
Alabama,DeKalb,2004,361,250,104,7,0,0,0,115,74,43,0,0,281,0,80,0
Alabama,Elmore,2004,238,177,55,6,0,0,0,129,80,42,0,0,238,0,0,0
Alabama,Escambia,2004,111,64,45,2,0,0,0,101,72,45,0,0,0,0,110,1
Alabama,Etowah,2004,284,178,102,4,0,0,0,112,77,46,0,0,184,0,98,2
Alabama,Houston,2004,73,36,36,1,0,0,0,126,68,51,0,0,0,0,70,3
Alabama,Jackson,2004,365,276,76,12,1,0,0,200,74,39,0,6,297,62,0,0
Alabama,Jefferson,2004,366,42,284,36,4,0,0,166,101,68,10,0,35,6,288,27
Alabama,Lawrence,2004,278,208,68,2,0,0,0,101,67,43,0,0,198,0,80,0
Alabama,Limestone,2004,91,86,5,0,0,0,0,84,44,31,0,4,85,2,0,0
Alabama,Madison,2004,365,241,112,12,0,0,0,150,77,43,0,0,273,0,82,10
Alabama,Marengo,2004,56,56,0,0,0,0,0,39,31,17,0,0,0,0,0,56
Alabama,Mobile,2004,362,249,91,18,3,1,0,238,87,42,0,0,190,19,72,81
Alabama,Montgomery,2004,282,209,70,3,0,0,0,124,66,43,0,0,171,0,111,0
Alabama,Morgan,2004,285,166,110,9,0,0,0,130,77,48,0,0,199,0,86,0
Alabama,Pike,2004,53,53,0,0,0,0,0,49,32,18,0,0,0,0,0,53
Alabama,Russell,2004,280,179,94,7,0,0,0,129,75,46,0,0,177,0,103,0
Alabama,Shelby,2004,280,176,90,12,2,0,0,179,84,45,0,0,192,0,88,0
Alabama,Sumter,2004,269,215,54,0,0,0,0,93,61,38,0,0,174,0,95,0
Alabama,Talladega,2004,283,193,85,5,0,0,0,147,68,43,0,0,187,0,96,0
Alabama,Tuscaloosa,2004,275,203,70,2,0,0,0,115,68,42,0,0,175,0,100,0
Alabama,Walker,2004,117,63,54,0,0,0,0,93,70,49,0,0,0,0,117,0
Alabama,Baldwin,2005,254,158,86,10,0,0,0,147,80,46,0,0,171,0,83,0
Alabama,Barbour,2005,59,35,23,1,0,0,0,119,68,47,0,0,0,0,59,0
Alabama,Clay,2005,282,176,96,10,0,0,0,136,84,46,0,0,191,0,91,0
Alabama,Colbert,2005,365,255,100,10,0,0,0,126,75,43,0,0,188,94,83,0
Alabama,DeKalb,2005,358,248,102,8,0,0,0,140,74,43,0,0,275,0,83,0
Alabama,Elmore,2005,240,194,45,1,0,0,0,101,71,42,0,0,240,0,0,0
Alabama,Escambia,2005,111,55,56,0,0,0,0,97,73,51,0,0,0,0,108,3
Alabama,Etowah,2005,280,157,115,8,0,0,0,120,80,47,0,0,186,0,89,5
Alabama,Houston,2005,265,186,77,2,0,0,0,124,71,44,0,0,170,0,95,0
Alabama,Jackson,2005,364,322,35,7,0,0,0,131,56,11,0,3,17,344,0,0
Alabama,Jefferson,2005,365,27,276,53,9,0,0,177,117,75,39,0,47,7,241,31
Alabama,Lawrence,2005,283,182,95,6,0,0,0,126,80,44,0,0,196,0,87,0
Alabama,Madison,2005,364,228,115,21,0,0,0,133,88,44,0,0,280,0,81,3
Alabama,Marengo,2005,49,49,0,0,0,0,0,49,32,19,0,0,0,0,0,49
Alabama,Mobile,2005,353,229,117,6,1,0,0,154,80,44,0,0,176,28,78,71
Alabama,Montgomery,2005,285,174,109,2,0,0,0,133,74,47,0,0,179,0,106,0
Alabama,Morgan,2005,283,159,105,19,0,0,0,136,93,48,0,0,199,0,84,0
Alabama,Pike,2005,56,55,1,0,0,0,0,51,31,19,0,0,0,0,0,56
Alabama,Russell,2005,285,158,118,8,1,0,0,156,84,48,0,0,182,0,103,0
Alabama,Shelby,2005,281,148,102,28,3,0,0,179,101,50,0,0,197,0,84,0
Alabama,Sumter,2005,272,209,61,2,0,0,0,117,64,41,0,0,183,0,89,0
Alabama,Talladega,2005,281,204,75,2,0,0,0,110,68,41,0,0,175,0,105,1
Alabama,Tuscaloosa,2005,274,158,106,9,1,0,0,164,81,47,0,0,182,0,92,0
Alabama,Walker,2005,116,53,61,2,0,0,0,113,76,52,0,0,0,0,116,0
Alabama,Baldwin,2006,280,174,81,24,1,0,0,156,97,46,0,0,219,0,61,0
Alabama,Barbour,2006,11,6,5,0,0,0,0,77,63,35,0,0,0,0,11,0
Alabama,Clay,2006,286,165,112,9,0,0,0,140,80,48,0,0,201,0,85,0
Alabama,Colbert,2006,365,254,102,9,0,0,0,129,71,42,0,0,178,101,86,0
Alabama,DeKalb,2006,363,215,133,15,0,0,0,140,84,47,0,0,303,0,60,0
Alabama,Elmore,2006,244,166,72,6,0,0,0,112,77,46,0,0,244,0,0,0
Alabama,Escambia,2006,121,55,66,0,0,0,0,94,71,52,0,0,0,0,121,0
Alabama,Etowah,2006,282,168,108,6,0,0,0,129,74,48,0,0,196,0,85,1
Alabama,Houston,2006,285,177,102,6,0,0,0,126,77,46,0,0,194,0,91,0
Alabama,Jackson,2006,365,339,23,3,0,0,0,104,39,7,0,0,0,365,0,0
Alabama,Jefferson,2006,365,29,264,59,12,1,0,204,118,80,48,0,62,12,202,41
Alabama,Lawrence,2006,281,179,96,6,0,0,0,136,77,46,0,0,208,0,73,0
Alabama,Madison,2006,362,229,119,12,2,0,0,156,84,45,0,0,286,0,70,6
Alabama,Marengo,2006,16,16,0,0,0,0,0,31,26,19,0,0,0,0,0,16
Alabama,Mobile,2006,364,241,99,21,3,0,0,164,84,44,0,0,206,7,74,77
Alabama,Montgomery,2006,286,170,107,8,1,0,0,175,80,45,0,0,186,0,100,0
Alabama,Morgan,2006,284,150,116,18,0,0,0,136,92,50,0,0,209,0,75,0
Alabama,Pike,2006,20,20,0,0,0,0,0,37,34,21,0,0,0,0,0,20
Alabama,Russell,2006,280,134,137,9,0,0,0,143,84,51,0,0,179,0,101,0
Alabama,Shelby,2006,284,142,111,25,6,0,0,169,101,51,0,0,202,0,82,0
Alabama,Sumter,2006,263,194,67,2,0,0,0,119,71,42,0,0,215,0,48,0
Alabama,Talladega,2006,277,157,105,15,0,0,0,150,84,48,0,0,209,0,66,2
Alabama,Tuscaloosa,2006,277,163,106,7,1,0,0,161,80,47,0,0,188,0,89,0
Alabama,Walker,2006,118,53,63,2,0,0,0,112,79,53,0,0,0,0,118,0
Alabama,Baldwin,2007,269,181,72,15,1,0,0,154,87,43,0,0,197,0,72,0
Alabama,Clay,2007,283,142,129,10,2,0,0,166,84,50,0,0,200,0,83,0
Alabama,Colbert,2007,324,212,97,15,0,0,0,122,84,45,0,0,194,48,82,0
Alabama,DeKalb,2007,362,202,132,27,1,0,0,169,93,47,0,0,307,0,55,0
Alabama,Elmore,2007,244,162,75,6,1,0,0,151,77,45,0,0,244,0,0,0
Alabama,Escambia,2007,107,56,50,1,0,0,0,137,71,49,0,0,0,0,107,0
Alabama,Etowah,2007,323,131,170,22,0,0,0,145,87,54,0,0,129,0,194,0
Alabama,Houston,2007,276,183,85,7,1,0,0,158,77,45,0,0,196,0,80,0
Alabama,Jackson,2007,273,256,16,1,0,0,0,120,40,9,0,0,0,273,0,0
Alabama,Jefferson,2007,365,31,261,56,16,1,0,203,127,75,19,0,74,5,212,55
Alabama,Lawrence,2007,282,149,110,22,1,0,0,156,97,49,0,0,208,0,74,0
Alabama,Madison,2007,364,208,131,23,2,0,0,182,93,46,0,0,290,0,72,2
Alabama,Mobile,2007,359,261,79,17,2,0,0,164,75,42,0,0,203,0,69,87
Alabama,Montgomery,2007,353,157,177,14,5,0,0,157,87,53,0,0,123,0,230,0
Alabama,Morgan,2007,284,130,125,27,2,0,0,172,101,54,0,0,203,0,81,0
Alabama,Russell,2007,354,133,203,15,3,0,0,163,89,56,0,0,98,0,256,0
Alabama,Shelby,2007,284,146,109,23,6,0,0,182,101,50,0,0,202,0,82,0
Alabama,Sumter,2007,239,191,46,2,0,0,0,140,74,40,0,0,239,0,0,0
Alabama,Talladega,2007,118,57,60,1,0,0,0,113,77,51,0,0,0,0,118,0
Alabama,Tuscaloosa,2007,274,154,102,16,2,0,0,159,93,47,0,0,190,0,84,0
Alabama,Walker,2007,117,52,63,2,0,0,0,115,79,53,0,0,0,0,117,0
Alabama,Baldwin,2008,265,210,50,5,0,0,0,133,68,37,0,0,206,0,59,0
Alabama,Clay,2008,110,70,40,0,0,0,0,93,61,43,0,0,0,0,110,0
Alabama,Colbert,2008,277,201,76,0,0,0,0,97,64,43,0,0,193,0,84,0
Alabama,DeKalb,2008,365,261,99,5,0,0,0,122,71,43,0,0,312,0,53,0
Alabama,Elmore,2008,245,180,64,1,0,0,0,105,74,42,0,0,245,0,0,0
Alabama,Etowah,2008,340,185,154,1,0,0,0,105,71,49,0,0,94,0,246,0
Alabama,Houston,2008,277,206,71,0,0,0,0,90,61,40,0,0,187,0,90,0
Alabama,Jefferson,2008,366,59,277,26,4,0,0,174,97,67,21,0,63,11,232,39
Alabama,Lawrence,2008,110,87,23,0,0,0,0,76,61,35,0,0,0,0,110,0
Alabama,Madison,2008,366,180,177,9,0,0,0,147,77,51,0,0,174,0,192,0
Alabama,Mobile,2008,357,281,71,5,0,0,0,150,64,36,0,0,180,0,79,98
Alabama,Montgomery,2008,349,189,156,4,0,0,0,122,72,48,0,0,97,0,251,1
Alabama,Morgan,2008,285,196,89,0,0,0,0,97,67,44,0,0,201,0,84,0
Alabama,Russell,2008,342,154,183,5,0,0,0,121,74,52,0,0,71,0,271,0
Alabama,Shelby,2008,284,188,87,7,2,0,0,166,77,44,0,0,205,0,79,0
Alabama,Sumter,2008,242,227,15,0,0,0,0,84,49,31,0,0,242,0,0,0
Alabama,Talladega,2008,107,61,46,0,0,0,0,92,64,49,0,0,0,0,107,0
Alabama,Tuscaloosa,2008,267,208,58,1,0,0,0,101,60,40,0,0,180,0,87,0
Alabama,Walker,2008,120,69,51,0,0,0,0,96,68,48,0,0,0,0,120,0
Alabama,Baldwin,2009,252,218,32,2,0,0,0,136,53,36,0,0,200,0,52,0
Alabama,Clay,2009,119,97,22,0,0,0,0,94,59,33,0,0,0,0,119,0
Alabama,Colbert,2009,323,220,103,0,0,0,0,76,60,43,0,0,132,0,191,0
Alabama,DeKalb,2009,363,311,52,0,0,0,0,100,54,36,0,0,308,0,55,0
Alabama,Elmore,2009,244,228,16,0,0,0,0,80,49,36,0,0,244,0,0,0
Alabama,Etowah,2009,359,228,131,0,0,0,0,87,63,44,0,0,92,0,267,0
Alabama,Houston,2009,315,261,54,0,0,0,0,86,55,38,0,0,175,0,140,0
Alabama,Jefferson,2009,365,126,233,6,0,0,0,150,76,56,4,0,61,7,256,37
Alabama,Lawrence,2009,96,87,9,0,0,0,0,66,47,29,0,0,0,0,96,0
Alabama,Madison,2009,349,272,76,1,0,0,0,122,61,39,0,0,247,0,72,30
Alabama,Mobile,2009,358,305,49,4,0,0,0,133,58,35,0,0,210,0,72,76
Alabama,Montgomery,2009,323,216,107,0,0,0,0,93,62,44,0,0,100,0,223,0
Alabama,Morgan,2009,321,178,143,0,0,0,0,91,64,48,0,0,91,0,230,0
Alabama,Russell,2009,345,214,130,1,0,0,0,112,66,45,0,0,99,0,246,0
Alabama,Shelby,2009,283,229,51,3,0,0,0,119,64,38,0,0,204,0,79,0
Alabama,Sumter,2009,239,237,2,0,0,0,0,61,44,31,0,0,239,0,0,0
Alabama,Talladega,2009,97,66,31,0,0,0,0,80,66,41,0,0,0,0,97,0
Alabama,Tuscaloosa,2009,306,230,75,1,0,0,0,120,60,40,0,0,109,0,197,0
Alabama,Walker,2009,118,86,32,0,0,0,0,73,61,39,0,0,0,0,118,0
Alabama,Baldwin,2010,274,188,80,6,0,0,0,150,71,43,0,0,192,0,82,0
Alabama,Clay,2010,113,79,34,0,0,0,0,86,60,42,0,0,0,0,113,0
Alabama,Colbert,2010,355,208,146,1,0,0,0,105,67,47,0,0,114,0,241,0
Alabama,DeKalb,2010,358,248,106,4,0,0,0,101,74,43,0,0,303,0,55,0
Alabama,Elmore,2010,241,181,55,5,0,0,0,112,71,43,0,0,241,0,0,0
Alabama,Etowah,2010,363,148,214,1,0,0,0,104,74,54,0,0,78,0,285,0
Alabama,Houston,2010,357,195,158,4,0,0,0,115,67,48,0,0,116,0,241,0
Alabama,Jefferson,2010,365,106,229,26,4,0,0,166,97,59,1,0,124,4,206,30
Alabama,Lawrence,2010,112,93,19,0,0,0,0,59,53,34,0,0,0,0,112,0
Alabama,Madison,2010,335,230,101,4,0,0,0,136,74,44,0,0,201,0,84,50
Alabama,Mobile,2010,363,270,85,8,0,0,0,140,71,40,0,0,205,0,70,88
Alabama,Montgomery,2010,364,186,172,6,0,0,0,129,70,50,0,0,105,0,258,1
Alabama,Morgan,2010,361,187,171,3,0,0,0,108,74,50,0,0,149,0,212,0
Alabama,Russell,2010,287,174,111,2,0,0,0,108,74,47,0,0,191,0,96,0
Alabama,Shelby,2010,278,175,96,5,2,0,0,156,80,46,0,0,207,0,71,0
Alabama,Sumter,2010,242,206,35,1,0,0,0,119,64,39,0,0,242,0,0,0
Alabama,Talladega,2010,117,64,53,0,0,0,0,76,62,48,0,0,0,0,117,0
Alabama,Tuscaloosa,2010,365,127,238,0,0,0,0,89,72,55,0,0,21,0,344,0
Alabama,Walker,2010,113,68,45,0,0,0,0,74,61,45,0,0,0,0,113,0
Alabama,Baldwin,2011,282,204,69,9,0,0,0,126,74,42,0,0,209,0,73,0
Alabama,Clay,2011,118,80,38,0,0,0,0,86,63,39,0,0,0,0,118,0
Alabama,Colbert,2011,279,214,64,1,0,0,0,101,61,42,0,0,197,0,82,0
Alabama,DeKalb,2011,336,257,78,1,0,0,0,101,63,40,0,0,271,0,65,0
Alabama,Elmore,2011,242,192,48,2,0,0,0,105,64,44,0,0,242,0,0,0
Alabama,Etowah,2011,275,208,67,0,0,0,0,99,62,41,0,0,188,0,87,0
Alabama,Houston,2011,283,207,76,0,0,0,0,100,67,44,0,0,207,0,76,0
Alabama,Jefferson,2011,365,118,208,33,6,0,0,182,105,58,2,0,120,3,224,16
Alabama,Lawrence,2011,95,70,25,0,0,0,0,82,59,34,0,0,0,0,95,0
Alabama,Madison,2011,331,222,105,4,0,0,0,126,77,44,0,0,202,0,76,53
Alabama,Mobile,2011,304,215,82,7,0,0,0,122,80,42,0,0,209,0,74,21
Alabama,Montgomery,2011,278,183,93,2,0,0,0,108,74,44,0,0,193,0,85,0
Alabama,Morgan,2011,280,193,85,2,0,0,0,115,74,43,0,0,203,0,77,0
Alabama,Russell,2011,278,172,104,2,0,0,0,126,71,46,0,0,183,0,95,0
Alabama,Shelby,2011,282,190,79,12,1,0,0,166,87,44,0,0,208,0,74,0
Alabama,Sumter,2011,198,174,24,0,0,0,0,93,54,38,0,0,198,0,0,0
Alabama,Talladega,2011,110,61,49,0,0,0,0,94,67,47,0,0,0,0,110,0
Alabama,Tuscaloosa,2011,279,234,44,1,0,0,0,103,56,38,0,0,184,0,95,0
Alabama,Walker,2011,107,70,37,0,0,0,0,84,65,43,0,0,0,0,107,0
Alabama,Baldwin,2012,284,226,56,2,0,0,0,112,61,38,0,0,210,0,74,0
Alabama,Clay,2012,121,99,22,0,0,0,0,72,56,35,0,0,0,0,121,0
Alabama,Colbert,2012,283,222,55,6,0,0,0,136,62,40,0,0,209,0,74,0
Alabama,DeKalb,2012,361,282,74,5,0,0,0,115,64,40,0,0,320,0,41,0
Alabama,Elmore,2012,245,212,33,0,0,0,0,100,54,40,0,0,245,0,0,0
Alabama,Etowah,2012,277,229,48,0,0,0,0,87,55,40,0,0,191,0,86,0
Alabama,Houston,2012,284,238,46,0,0,0,0,97,58,38,0,0,211,0,73,0
Alabama,Jefferson,2012,366,148,198,16,4,0,0,172,87,53,0,0,140,7,216,3
Alabama,Lawrence,2012,109,104,5,0,0,0,0,58,48,28,0,0,0,0,109,0
Alabama,Madison,2012,338,242,82,14,0,0,0,147,74,43,0,0,218,0,66,54
Alabama,Mobile,2012,284,229,52,3,0,0,0,126,61,38,0,0,219,0,62,3
Alabama,Montgomery,2012,280,211,68,1,0,0,0,102,62,43,0,0,195,0,85,0
Alabama,Morgan,2012,283,218,59,6,0,0,0,129,71,42,0,0,209,0,74,0
Alabama,Russell,2012,284,207,76,1,0,0,0,101,67,44,0,0,192,0,92,0
Alabama,Shelby,2012,283,213,64,6,0,0,0,150,71,43,0,0,217,0,66,0
Alabama,Talladega,2012,116,82,34,0,0,0,0,77,59,42,0,0,0,0,116,0
Alabama,Tuscaloosa,2012,283,255,28,0,0,0,0,93,50,36,0,0,191,0,92,0
Alabama,Baldwin,2013,273,235,38,0,0,0,0,87,54,36,0,0,200,0,73,0
Alabama,Clay,2013,118,100,18,0,0,0,0,65,52,32,0,0,0,0,118,0
Alabama,Colbert,2013,285,252,33,0,0,0,0,80,51,38,0,0,202,0,83,0
Alabama,DeKalb,2013,360,319,41,0,0,0,0,93,52,38,0,0,305,0,55,0
Alabama,Elmore,2013,244,229,15,0,0,0,0,87,48,36,0,0,244,0,0,0
Alabama,Etowah,2013,281,244,37,0,0,0,0,90,52,37,0,0,197,0,84,0
Alabama,Houston,2013,285,259,26,0,0,0,0,84,50,36,0,0,206,0,79,0
Alabama,Jefferson,2013,365,192,171,2,0,0,0,129,68,50,0,1,106,3,254,1
Alabama,Lawrence,2013,109,102,7,0,0,0,0,62,48,27,0,0,0,0,109,0
Alabama,Madison,2013,336,282,54,0,0,0,0,90,54,40,0,0,220,0,63,53
Alabama,Mobile,2013,285,248,37,0,0,0,0,90,54,39,0,0,215,0,66,4
Alabama,Montgomery,2013,285,240,45,0,0,0,0,87,54,39,0,0,194,0,91,0
Alabama,Morgan,2013,282,238,44,0,0,0,0,87,54,40,0,0,210,0,72,0
Alabama,Russell,2013,284,232,52,0,0,0,0,93,57,41,0,0,199,0,85,0
Alabama,Shelby,2013,285,242,42,1,0,0,0,101,55,39,0,0,205,0,80,0
Alabama,Sumter,2013,220,213,7,0,0,0,0,90,43,31,0,0,220,0,0,0
Alabama,Talladega,2013,114,88,26,0,0,0,0,63,55,38,0,0,0,0,114,0
Alabama,Tuscaloosa,2013,362,333,29,0,0,0,0,71,49,32,0,0,194,81,87,0
Alabama,Baldwin,2014,280,232,46,2,0,0,0,112,59,38,0,0,205,0,75,0
Alabama,Clay,2014,114,96,18,0,0,0,0,70,54,36,0,0,0,0,114,0
Alabama,Colbert,2014,284,251,33,0,0,0,0,87,52,37,0,0,206,0,78,0
Alabama,DeKalb,2014,360,313,47,0,0,0,0,90,54,38,0,0,300,0,60,0
Alabama,Elmore,2014,245,224,21,0,0,0,0,84,49,36,0,0,245,0,0,0
Alabama,Etowah,2014,281,244,37,0,0,0,0,97,54,38,0,0,207,0,74,0
Alabama,Houston,2014,279,241,38,0,0,0,0,80,52,38,0,0,212,0,67,0
Alabama,Jefferson,2014,365,158,201,6,0,0,0,112,74,53,0,7,71,2,283,2
Alabama,Lawrence,2014,104,92,12,0,0,0,0,83,52,27,0,0,0,0,104,0
Alabama,Madison,2014,338,281,57,0,0,0,0,97,58,39,0,0,214,0,68,56
Alabama,Mobile,2014,285,224,55,6,0,0,0,115,67,41,0,0,223,0,61,1
Alabama,Montgomery,2014,284,235,49,0,0,0,0,87,56,40,0,0,198,0,86,0
Alabama,Morgan,2014,283,238,45,0,0,0,0,93,54,39,0,0,209,0,74,0
Alabama,Russell,2014,284,218,65,1,0,0,0,108,58,40,0,0,184,0,100,0
Alabama,Shelby,2014,273,226,46,1,0,0,0,119,54,40,0,0,210,0,63,0
Alabama,Sumter,2014,241,232,9,0,0,0,0,74,47,34,0,0,241,0,0,0
Alabama,Talladega,2014,108,86,22,0,0,0,0,79,56,37,0,0,0,0,108,0
Alabama,Tuscaloosa,2014,280,251,29,0,0,0,0,93,52,36,0,0,190,0,90,0
Alabama,Baldwin,2015,264,230,33,1,0,0,0,129,53,38,0,0,189,0,75,0
Alabama,Clay,2015,112,101,11,0,0,0,0,91,50,32,0,0,0,0,112,0
Alabama,Colbert,2015,280,251,29,0,0,0,0,73,51,36,0,0,195,0,85,0
Alabama,DeKalb,2015,363,319,43,1,0,0,0,101,52,37,0,0,307,0,56,0
Alabama,Elmore,2015,233,223,9,1,0,0,0,115,47,35,0,0,233,0,0,0
Alabama,Etowah,2015,365,221,137,4,3,0,0,170,64,46,0,0,119,0,246,0
Alabama,Houston,2015,283,259,24,0,0,0,0,74,49,33,0,0,211,0,72,0
Alabama,Jefferson,2015,365,203,157,5,0,0,0,147,70,48,0,11,106,6,239,3
Alabama,Lawrence,2015,114,105,9,0,0,0,0,71,48,27,0,0,0,0,114,0
Alabama,Madison,2015,333,288,45,0,0,0,0,87,54,38,0,0,215,0,63,55
Alabama,Mobile,2015,363,274,88,1,0,0,0,105,58,40,0,0,140,0,223,0
Alabama,Montgomery,2015,359,227,131,1,0,0,0,115,61,45,0,0,112,0,247,0
Alabama,Morgan,2015,365,302,63,0,0,0,0,92,56,38,0,0,164,0,201,0
Alabama,Russell,2015,337,196,139,2,0,0,0,141,65,47,0,0,76,0,261,0
Alabama,Shelby,2015,257,219,36,2,0,0,0,115,57,39,0,0,225,0,32,0
Alabama,Sumter,2015,314,233,80,1,0,0,0,107,57,40,0,0,134,0,180,0
Alabama,Talladega,2015,107,76,31,0,0,0,0,81,57,40,0,0,0,0,107,0
Alabama,Tuscaloosa,2015,357,193,164,0,0,0,0,89,63,49,0,0,50,0,307,0
Alabama,Baldwin,2016,279,247,32,0,0,0,0,87,51,37,0,0,221,0,58,0
Alabama,Clay,2016,116,109,7,0,0,0,0,56,45,30,0,0,0,0,116,0
Alabama,Colbert,2016,282,258,23,1,0,0,0,115,50,38,0,0,219,0,63,0
Alabama,DeKalb,2016,348,304,43,1,0,0,0,119,54,40,0,0,321,0,27,0
Alabama,Elmore,2016,117,107,10,0,0,0,0,77,48,40,0,0,117,0,0,0
Alabama,Etowah,2016,352,162,184,3,3,0,0,179,67,52,0,0,104,0,248,0
Alabama,Houston,2016,280,265,15,0,0,0,0,97,48,35,0,0,221,0,59,0
Alabama,Jefferson,2016,366,191,166,8,1,0,0,151,77,49,0,16,147,1,199,3
Alabama,Lawrence,2016,118,116,1,1,0,0,0,105,40,25,0,0,0,0,118,0
Alabama,Madison,2016,337,284,52,1,0,0,0,122,55,40,0,0,235,0,45,57
Alabama,Mobile,2016,366,277,87,2,0,0,0,139,58,41,0,0,138,9,219,0
Alabama,Montgomery,2016,363,285,76,1,1,0,0,170,58,42,0,0,175,0,188,0
Alabama,Morgan,2016,365,304,59,2,0,0,0,107,55,40,0,0,214,0,151,0
Alabama,Russell,2016,257,192,65,0,0,0,0,100,61,43,0,0,176,0,81,0
Alabama,Shelby,2016,244,205,35,4,0,0,0,133,61,41,0,0,244,0,0,0
Alabama,Sumter,2016,336,315,21,0,0,0,0,70,47,34,0,0,185,0,151,0
Alabama,Talladega,2016,117,99,18,0,0,0,0,79,52,35,0,0,0,0,117,0
Alabama,Tuscaloosa,2016,365,224,141,0,0,0,0,100,59,47,0,0,93,0,272,0
Alabama,Baldwin,2017,270,241,28,1,0,0,0,108,51,36,0,0,206,0,64,0
Alabama,Clay,2017,118,104,14,0,0,0,0,66,52,30,0,0,0,0,118,0
Alabama,Colbert,2017,283,265,18,0,0,0,0,63,48,37,0,0,218,0,65,0
Alabama,DeKalb,2017,359,329,30,0,0,0,0,80,50,39,0,0,315,0,44,0
Alabama,Elmore,2017,226,221,5,0,0,0,0,58,45,35,0,0,226,0,0,0
Alabama,Etowah,2017,360,233,125,1,1,0,0,163,62,45,0,0,133,0,227,0
Alabama,Houston,2017,281,260,20,1,0,0,0,131,48,35,0,0,203,0,78,0
Alabama,Jefferson,2017,365,144,212,9,0,0,0,129,76,55,0,2,85,70,207,1
Alabama,Lawrence,2017,122,114,8,0,0,0,0,80,43,23,0,0,0,0,122,0
Alabama,Madison,2017,336,302,34,0,0,0,0,100,51,39,0,0,230,0,52,54
Alabama,Mobile,2017,363,299,59,5,0,0,0,139,55,37,0,0,191,5,167,0
Alabama,Montgomery,2017,346,214,129,2,0,1,0,221,63,45,0,0,119,0,227,0
Alabama,Morgan,2017,364,317,47,0,0,0,0,80,52,39,0,0,184,0,180,0
Alabama,Russell,2017,311,228,83,0,0,0,0,87,62,44,0,0,173,0,138,0
Alabama,Shelby,2017,353,329,23,1,0,0,0,103,48,31,0,0,232,121,0,0
Alabama,Sumter,2017,350,330,20,0,0,0,0,83,48,34,0,0,183,0,167,0
Alabama,Talladega,2017,116,92,24,0,0,0,0,70,55,33,0,0,0,0,116,0
Alabama,Tuscaloosa,2017,350,165,184,1,0,0,0,123,67,52,0,0,64,0,286,0
Alabama,Baldwin,2018,270,245,25,0,0,0,0,97,50,35,0,0,214,0,56,0
Alabama,Clay,2018,110,103,7,0,0,0,0,64,45,27,0,0,0,0,110,0
Alabama,Colbert,2018,277,251,26,0,0,0,0,93,50,35,0,0,209,0,68,0
Alabama,DeKalb,2018,350,316,34,0,0,0,0,84,50,35,0,0,317,0,33,0
Alabama,Elmore,2018,222,203,19,0,0,0,0,71,49,33,0,0,222,0,0,0
Alabama,Etowah,2018,324,231,92,0,1,0,0,153,61,41,0,0,179,0,145,0
Alabama,Houston,2018,277,249,28,0,0,0,0,80,51,35,0,0,211,0,66,0
Alabama,Jefferson,2018,365,175,184,5,1,0,0,156,74,51,0,1,106,32,223,3
Alabama,Lawrence,2018,118,112,6,0,0,0,0,61,45,23,0,0,0,0,118,0
Alabama,Madison,2018,365,275,89,1,0,0,0,115,58,41,0,0,130,0,234,1
Alabama,Mobile,2018,365,290,74,1,0,0,0,105,57,38,0,0,150,13,202,0
Alabama,Montgomery,2018,324,149,175,0,0,0,0,93,66,52,0,0,43,0,281,0
Alabama,Morgan,2018,364,304,60,0,0,0,0,100,54,37,0,0,176,0,188,0
Alabama,Russell,2018,364,277,87,0,0,0,0,99,61,39,0,0,115,0,249,0
Alabama,Shelby,2018,363,328,31,4,0,0,0,124,50,31,0,0,232,131,0,0
Alabama,Sumter,2018,365,344,21,0,0,0,0,77,47,29,0,0,222,13,130,0
Alabama,Tuscaloosa,2018,320,265,54,1,0,0,0,115,56,37,0,0,195,0,125,0
Alabama,Baldwin,2019,166,140,26,0,0,0,0,80,54,40,0,0,139,0,27,0
Alabama,Clay,2019,63,58,5,0,0,0,0,67,49,29,0,0,0,0,63,0
Alabama,Colbert,2019,171,161,10,0,0,0,0,61,49,38,0,0,138,0,33,0
Alabama,DeKalb,2019,208,188,20,0,0,0,0,77,50,39,0,0,187,0,21,0
Alabama,Elmore,2019,148,137,11,0,0,0,0,100,49,41,0,0,148,0,0,0
Alabama,Etowah,2019,170,144,26,0,0,0,0,90,54,43,0,0,136,0,34,0
Alabama,Houston,2019,170,150,20,0,0,0,0,77,51,38,0,0,130,0,40,0
Alabama,Jefferson,2019,121,59,61,0,1,0,0,200,67,51,1,1,32,5,81,1
Alabama,Madison,2019,181,130,51,0,0,0,0,90,61,44,0,0,89,0,92,0
Alabama,Mobile,2019,211,158,53,0,0,0,0,79,61,42,0,0,90,3,118,0
Alabama,Montgomery,2019,212,103,108,1,0,0,0,122,67,51,0,0,40,0,172,0
Alabama,Morgan,2019,212,176,36,0,0,0,0,87,54,41,0,0,116,0,96,0
Alabama,Russell,2019,212,153,59,0,0,0,0,84,60,42,0,0,70,0,142,0
Alabama,Shelby,2019,206,184,21,1,0,0,0,119,51,37,0,0,148,58,0,0
Alabama,Sumter,2019,207,196,11,0,0,0,0,62,47,34,0,0,109,8,90,0
Alabama,Tuscaloosa,2019,155,146,9,0,0,0,0,59,47,35,0,0,111,0,44,0
